web-scraper-order,web-scraper-start-url,link,link-href,name,runtime,releaseDate,coverImg,description,genre
"1753771381-1","https://www.imdb.com/chart/moviemeter/?ref_=chtbo_nv_menu","Sorry, Baby","https://www.imdb.com/title/tt32843349/?ref_=chtmvm_t_100","Sorry, Baby","1h 43m","2025","https://m.media-amazon.com/images/M/MV5BMzJhZWNiMTktNjdiMi00ZTFkLTg5OTAtYzdiZjZjNDBlMmFhXkEyXkFqcGc@._V1_QL75_UX190_CR0,7,190,281_.jpg","Something bad happened to Agnes. But life goes on - for everyone around her, at least.","[{""genre"":""Dark Comedy""},{""genre"":""Comedy""},{""genre"":""Drama""}]"
"1753771385-2","https://www.imdb.com/chart/moviemeter/?ref_=chtbo_nv_menu","Deep Cover","https://www.imdb.com/title/tt31121295/?ref_=chtmvm_t_99","Deep Cover","1h 39m","2025","https://m.media-amazon.com/images/M/MV5BNjQ5ZTJjZTEtZWRiOC00NGM3LTg5NGItMTkxZmJmZjg5NzA3XkEyXkFqcGc@._V1_QL75_UX190_CR0,2,190,281_.jpg","Three improv actors are asked to go undercover by the police in London's criminal underworld.","[{""genre"":""Buddy Comedy""},{""genre"":""Action""},{""genre"":""Comedy""},{""genre"":""Crime""}]"
"1753771388-3","https://www.imdb.com/chart/moviemeter/?ref_=chtbo_nv_menu","Parasite","https://www.imdb.com/title/tt6751668/?ref_=chtmvm_t_98","Parasite","2h 12m","2019","https://m.media-amazon.com/images/M/MV5BYjk1Y2U4MjQtY2ZiNS00OWQyLWI3MmYtZWUwNmRjYWRiNWNhXkEyXkFqcGc@._V1_QL75_UX190_CR0,0,190,281_.jpg","Greed and class discrimination threaten the newly formed symbiotic relationship between the wealthy Park family and the destitute Kim clan.","[{""genre"":""Dark Comedy""},{""genre"":""Psychological Drama""},{""genre"":""Psychological Thriller""},{""genre"":""Tragedy""},{""genre"":""Drama""},{""genre"":""Thriller""}]"
"1753771392-4","https://www.imdb.com/chart/moviemeter/?ref_=chtbo_nv_menu","The Home","https://www.imdb.com/title/tt17023012/?ref_=chtmvm_t_97","The Home","1h 37m","2025","https://m.media-amazon.com/images/M/MV5BZTEzZTFhODQtMDYxZi00YTdmLWIzN2UtYzMyODQxMmU2YzZmXkEyXkFqcGc@._V1_QL75_UX190_CR0,0,190,281_.jpg","Follows Max, who realizes that the residents and caretakers in the retirement home he started working at hide sinister secrets.","[{""genre"":""Horror""},{""genre"":""Thriller""}]"
"1753771399-6","https://www.imdb.com/chart/moviemeter/?ref_=chtbo_nv_menu","The Substance","https://www.imdb.com/title/tt17526714/?ref_=chtmvm_t_95","The Substance","2h 21m","2024","https://m.media-amazon.com/images/M/MV5BZDQ1NGE5MGMtYzdlZC00ODExLWJlMDMtNWU4NjA5OWYwMDEwXkEyXkFqcGc@._V1_QL75_UY281_CR1,0,190,281_.jpg","A fading celebrity takes a black-market drug: a cell-replicating substance that creates a younger, better version of herself.","[{""genre"":""Body Horror""},{""genre"":""Dark Comedy""},{""genre"":""Monster Horror""},{""genre"":""Psychological Horror""},{""genre"":""Showbiz Drama""},{""genre"":""Drama""},{""genre"":""Horror""},{""genre"":""Sci-Fi""}]"
"1753771402-7","https://www.imdb.com/chart/moviemeter/?ref_=chtbo_nv_menu","Sovereign","https://www.imdb.com/title/tt26843513/?ref_=chtmvm_t_94","Sovereign","1h 40m","2025","https://m.media-amazon.com/images/M/MV5BYjNmZmI5YzMtMzgyZC00MTBiLWJmNDktYWNkZDM3YmZmZTIxXkEyXkFqcGc@._V1_QL75_UY281_CR3,0,190,281_.jpg","A father and son who identify as Sovereign Citizens, a group of anti-government extremists, find themselves in a standoff with a chief of police that sets off a manhunt.","[{""genre"":""Crime""},{""genre"":""Drama""},{""genre"":""Thriller""}]"
"1753771406-8","https://www.imdb.com/chart/moviemeter/?ref_=chtbo_nv_menu","Snow White","https://www.imdb.com/title/tt6208148/?ref_=chtmvm_t_93","Snow White","1h 49m","2025","https://m.media-amazon.com/images/M/MV5BY2UwOGUxMzEtMzEyZi00NjEwLTkxOTMtYTljOWEzYjYyMWNjXkEyXkFqcGc@._V1_QL75_UX190_CR0,0,190,281_.jpg","A princess joins forces with seven dwarfs and a group of rebels to liberate her kingdom from her cruel stepmother the Evil Queen.","[{""genre"":""Fairy Tale""},{""genre"":""Feel-Good Romance""},{""genre"":""Adventure""},{""genre"":""Family""},{""genre"":""Fantasy""},{""genre"":""Musical""},{""genre"":""Romance""}]"
"1753771410-9","https://www.imdb.com/chart/moviemeter/?ref_=chtbo_nv_menu","Companion","https://www.imdb.com/title/tt26584495/?ref_=chtmvm_t_92","Companion","1h 37m","2025","https://m.media-amazon.com/images/M/MV5BYjkyZTA5NzAtYWU3Zi00MWM4LTgxNzAtNDQxY2JmNjMwYjk4XkEyXkFqcGc@._V1_QL75_UX190_CR0,0,190,281_.jpg","A weekend getaway with friends at a remote cabin turns into chaos after it's revealed that one of the guests is not what they seem.","[{""genre"":""Artificial Intelligence""},{""genre"":""Dark Comedy""},{""genre"":""Psychological Thriller""},{""genre"":""Sci-Fi""},{""genre"":""Thriller""}]"
"1753771414-10","https://www.imdb.com/chart/moviemeter/?ref_=chtbo_nv_menu","Back to the Future","https://www.imdb.com/title/tt0088763/?ref_=chtmvm_t_91","Back to the Future","1h 56m","1985","https://m.media-amazon.com/images/M/MV5BZmM3ZjE0NzctNjBiOC00MDZmLTgzMTUtNGVlOWFlOTNiZDJiXkEyXkFqcGc@._V1_QL75_UX190_CR0,7,190,281_.jpg","Marty McFly, a 17-year-old high school student, is accidentally sent 30 years into the past in a time-traveling DeLorean invented by his close friend, the maverick scientist Doc Brown.","[{""genre"":""High-Concept Comedy""},{""genre"":""Teen Adventure""},{""genre"":""Teen Comedy""},{""genre"":""Time Travel""},{""genre"":""Urban Adventure""},{""genre"":""Adventure""},{""genre"":""Comedy""},{""genre"":""Sci-Fi""}]"
"1753771417-11","https://www.imdb.com/chart/moviemeter/?ref_=chtbo_nv_menu","Captain America: Brave New World","https://www.imdb.com/title/tt14513804/?ref_=chtmvm_t_90","Captain America: Brave New World","1h 58m","2025","https://m.media-amazon.com/images/M/MV5BNDRjY2E0ZmEtN2QwNi00NTEwLWI3MWItODNkMGYwYWFjNGE0XkEyXkFqcGc@._V1_QL75_UX190_CR0,2,190,281_.jpg","Sam Wilson, the new Captain America, finds himself in the middle of an international incident and must discover the motive behind a nefarious global plan.","[{""genre"":""Action Epic""},{""genre"":""Adventure Epic""},{""genre"":""Sci-Fi Epic""},{""genre"":""Superhero""},{""genre"":""Action""},{""genre"":""Adventure""},{""genre"":""Sci-Fi""}]"
"1753771422-12","https://www.imdb.com/chart/moviemeter/?ref_=chtbo_nv_menu","Avengers: Endgame","https://www.imdb.com/title/tt4154796/?ref_=chtmvm_t_89","Avengers: Endgame","3h 1m","2019","https://m.media-amazon.com/images/M/MV5BMTc5MDE2ODcwNV5BMl5BanBnXkFtZTgwMzI2NzQ2NzM@._V1_QL75_UX190_CR0,0,190,281_.jpg","After the devastating events of Avengers: Infinity War (2018), the universe is in ruins. With the help of remaining allies, the Avengers assemble once more in order to reverse Thanos' actions and restore balance to the universe.","[{""genre"":""Space Sci-Fi""},{""genre"":""Superhero""},{""genre"":""Time Travel""},{""genre"":""Tragedy""},{""genre"":""Action""},{""genre"":""Adventure""},{""genre"":""Sci-Fi""}]"
"1753771425-13","https://www.imdb.com/chart/moviemeter/?ref_=chtbo_nv_menu","Nonnas","https://www.imdb.com/title/tt28309594/?ref_=chtmvm_t_88","Nonnas","1h 51m","2025","https://m.media-amazon.com/images/M/MV5BODM0M2M4YWQtMzhlNy00NjdkLWFkODktOGNlNTc4OTFiZjZmXkEyXkFqcGc@._V1_QL75_UX190_CR0,0,190,281_.jpg","After losing his beloved mother, a man risks everything to honor her by opening an Italian restaurant with actual grandmothers as the chefs.","[{""genre"":""Comedy""}]"
"1753771429-14","https://www.imdb.com/chart/moviemeter/?ref_=chtbo_nv_menu","The Gorge","https://www.imdb.com/title/tt13654226/?ref_=chtmvm_t_87","The Gorge","2h 7m","2025","https://m.media-amazon.com/images/M/MV5BOTQ5Y2QyYTktYmFmZi00NWJlLWE0MzgtYTA4M2I0ZjQwZjcxXkEyXkFqcGc@._V1_QL75_UX190_CR0,2,190,281_.jpg","Two operatives are appointed to posts in guard towers on opposite sides of a classified gorge.","[{""genre"":""Dark Romance""},{""genre"":""Monster Horror""},{""genre"":""Survival""},{""genre"":""Action""},{""genre"":""Adventure""},{""genre"":""Horror""},{""genre"":""Romance""},{""genre"":""Sci-Fi""}]"
"1753771432-15","https://www.imdb.com/chart/moviemeter/?ref_=chtbo_nv_menu","Predator: Killer of Killers","https://www.imdb.com/title/tt36463894/?ref_=chtmvm_t_86","Predator: Killer of Killers","1h 25m","2025","https://m.media-amazon.com/images/M/MV5BNjM2MjA4YzQtYjBkNS00YmU3LTllOTgtMDQzMjkzM2Q4MmM5XkEyXkFqcGc@._V1_QL75_UX190_CR0,0,190,281_.jpg","Three of the fiercest warriors in human history become prey to the ultimate killer of killers.","[{""genre"":""Adult Animation""},{""genre"":""Action""},{""genre"":""Adventure""},{""genre"":""Animation""},{""genre"":""Sci-Fi""},{""genre"":""Thriller""}]"
"1753771436-16","https://www.imdb.com/chart/moviemeter/?ref_=chtbo_nv_menu","Jurassic Park","https://www.imdb.com/title/tt0107290/?ref_=chtmvm_t_85","Jurassic Park","2h 7m","1993","https://m.media-amazon.com/images/M/MV5BMjM2MDgxMDg0Nl5BMl5BanBnXkFtZTgwNTM2OTM5NDE@._V1_QL75_UX190_CR0,2,190,281_.jpg","An industrialist invites some experts to visit his theme park of cloned dinosaurs. After a power failure, the creatures run loose, putting everyone's lives, including his grandchildren's, in danger.","[{""genre"":""Dinosaur Adventure""},{""genre"":""Jungle Adventure""},{""genre"":""Action""},{""genre"":""Adventure""},{""genre"":""Sci-Fi""},{""genre"":""Thriller""}]"
"1753771439-17","https://www.imdb.com/chart/moviemeter/?ref_=chtbo_nv_menu","The Naked Gun: From the Files of Police Squad!","https://www.imdb.com/title/tt0095705/?ref_=chtmvm_t_84","The Naked Gun: From the Files of Police Squad!","1h 25m","1988","https://m.media-amazon.com/images/M/MV5BZTI5N2I1MjAtNTc0Yy00ZDIyLThkZTctMGQ5NTBhNjIwMWQ0XkEyXkFqcGc@._V1_QL75_UX190_CR0,9,190,281_.jpg","Incompetent police Detective Frank Drebin must foil an attempt to assassinate Queen Elizabeth II.","[{""genre"":""Bumbling Detective""},{""genre"":""Parody""},{""genre"":""Satire""},{""genre"":""Screwball Comedy""},{""genre"":""Slapstick""},{""genre"":""Comedy""},{""genre"":""Crime""}]"
"1753771447-19","https://www.imdb.com/chart/moviemeter/?ref_=chtbo_nv_menu","Inception","https://www.imdb.com/title/tt1375666/?ref_=chtmvm_t_82","Inception","2h 28m","2010","https://m.media-amazon.com/images/M/MV5BMjAxMzY3NjcxNF5BMl5BanBnXkFtZTcwNTI5OTM0Mw@@._V1_QL75_UX190_CR0,0,190,281_.jpg","A thief who steals corporate secrets through the use of dream-sharing technology is given the inverse task of planting an idea into the mind of a C.E.O., but his tragic past may doom the project and his team to disaster.","[{""genre"":""Action Epic""},{""genre"":""Adventure Epic""},{""genre"":""Epic""},{""genre"":""Psychological Thriller""},{""genre"":""Sci-Fi Epic""},{""genre"":""Action""},{""genre"":""Adventure""},{""genre"":""Sci-Fi""},{""genre"":""Thriller""}]"
"1753771450-20","https://www.imdb.com/chart/moviemeter/?ref_=chtbo_nv_menu","The Life of Chuck","https://www.imdb.com/title/tt12908150/?ref_=chtmvm_t_81","The Life of Chuck","1h 51m","2024","https://m.media-amazon.com/images/M/MV5BZDhlMzJhMTgtN2FhZS00OWQ1LTk3Y2ItZGNiNTQ0ZmUzYmIzXkEyXkFqcGc@._V1_QL75_UX190_CR0,0,190,281_.jpg","A life-affirming, genre-bending story about three chapters in the life of an ordinary man named Charles Krantz.","[{""genre"":""Drama""},{""genre"":""Fantasy""},{""genre"":""Sci-Fi""}]"
"1753771454-21","https://www.imdb.com/chart/moviemeter/?ref_=chtbo_nv_menu","Gladiator II","https://www.imdb.com/title/tt9218128/?ref_=chtmvm_t_80","Gladiator II","2h 28m","2024","https://m.media-amazon.com/images/M/MV5BMWYzZTM5ZGQtOGE5My00NmM2LWFlMDEtMGNjYjdmOWM1MzA1XkEyXkFqcGc@._V1_QL75_UX190_CR0,0,190,281_.jpg","After his home is conquered by the tyrannical emperors who now lead Rome, Lucius is forced to enter the Colosseum and must look to his past to find strength to return the glory of Rome to its people.","[{""genre"":""Action Epic""},{""genre"":""Adventure Epic""},{""genre"":""Epic""},{""genre"":""Period Drama""},{""genre"":""Sword & Sandal""},{""genre"":""Action""},{""genre"":""Adventure""},{""genre"":""Drama""}]"
"1753771457-22","https://www.imdb.com/chart/moviemeter/?ref_=chtbo_nv_menu","The Assessment","https://www.imdb.com/title/tt32768323/?ref_=chtmvm_t_79","The Assessment","1h 54m","2024","https://m.media-amazon.com/images/M/MV5BNjVmZTNhZGUtZTdjMi00OTA3LWFhYzYtZmIyOWYzMjA3M2ExXkEyXkFqcGc@._V1_QL75_UY281_CR18,0,190,281_.jpg","In the near future where parenthood is strictly controlled, a couple's seven-day assessment for the right to have a child unravels into a psychological nightmare.","[{""genre"":""Dystopian Sci-Fi""},{""genre"":""Psychological Drama""},{""genre"":""Drama""},{""genre"":""Sci-Fi""}]"
"1753771461-23","https://www.imdb.com/chart/moviemeter/?ref_=chtbo_nv_menu","28 Days Later","https://www.imdb.com/title/tt0289043/?ref_=chtmvm_t_78","28 Days Later","1h 53m","2002","https://m.media-amazon.com/images/M/MV5BM2I4NTI0ZGQtNGQ2ZC00ODIxLWI2N2QtMDBkNzI1NDhjYjE5XkEyXkFqcGc@._V1_QL75_UX190_CR0,2,190,281_.jpg","Four weeks after a mysterious, incurable virus spreads throughout the United Kingdom, a handful of survivors try to find sanctuary.","[{""genre"":""Body Horror""},{""genre"":""Disaster""},{""genre"":""Dystopian Sci-Fi""},{""genre"":""Monster Horror""},{""genre"":""Psychological Horror""},{""genre"":""Road Trip""},{""genre"":""Sci-Fi Epic""},{""genre"":""Zombie Horror""},{""genre"":""Drama""},{""genre"":""Horror""}]"
"1753771465-24","https://www.imdb.com/chart/moviemeter/?ref_=chtbo_nv_menu","Kraven the Hunter","https://www.imdb.com/title/tt8790086/?ref_=chtmvm_t_77","Kraven the Hunter","2h 7m","2024","https://m.media-amazon.com/images/M/MV5BZDU0YTI5ODAtN2NmMS00YTg3LTgyNDItN2RmOWEzOTkzZjcyXkEyXkFqcGc@._V1_QL75_UX190_CR0,0,190,281_.jpg","Kraven's complex relationship with his ruthless father, Nikolai Kravinoff, starts him down a path of vengeance with brutal consequences, motivating him to become not only the greatest hunter in the world, but also one of its most feared.","[{""genre"":""One-Person Army Action""},{""genre"":""Superhero""},{""genre"":""Action""},{""genre"":""Adventure""},{""genre"":""Thriller""}]"
"1753771469-25","https://www.imdb.com/chart/moviemeter/?ref_=chtbo_nv_menu","I Know What You Did Last Summer","https://www.imdb.com/title/tt0119345/?ref_=chtmvm_t_76","I Know What You Did Last Summer","1h 41m","1997","https://m.media-amazon.com/images/M/MV5BOGE1MmMxZDMtYzkyYS00N2EzLTgxYWItNWZiN2NmMzZiZTNmXkEyXkFqcGc@._V1_QL75_UX190_CR0,7,190,281_.jpg","Four young friends bound by a tragic accident are reunited when they find themselves being stalked by a hook-wielding maniac in their small seaside town.","[{""genre"":""Slasher Horror""},{""genre"":""Teen Horror""},{""genre"":""Whodunnit""},{""genre"":""Horror""},{""genre"":""Mystery""}]"
"1753771473-26","https://www.imdb.com/chart/moviemeter/?ref_=chtbo_nv_menu","The Godfather","https://www.imdb.com/title/tt0068646/?ref_=chtmvm_t_75","The Godfather","2h 55m","1972","https://m.media-amazon.com/images/M/MV5BNGEwYjgwOGQtYjg5ZS00Njc1LTk2ZGEtM2QwZWQ2NjdhZTE5XkEyXkFqcGc@._V1_QL75_UY281_CR4,0,190,281_.jpg","The aging patriarch of an organized crime dynasty transfers control of his clandestine empire to his reluctant son.","[{""genre"":""Epic""},{""genre"":""Gangster""},{""genre"":""Tragedy""},{""genre"":""Crime""},{""genre"":""Drama""}]"
"1753771476-27","https://www.imdb.com/chart/moviemeter/?ref_=chtbo_nv_menu","Heretic","https://www.imdb.com/title/tt28015403/?ref_=chtmvm_t_74","Heretic","1h 51m","2024","https://m.media-amazon.com/images/M/MV5BMzFiMWM4YjAtY2Y3Yi00MDIzLTk0N2MtYTAwNGM3ZmMwODhlXkEyXkFqcGc@._V1_QL75_UX190_CR0,0,190,281_.jpg","Two young religious women are drawn into a game of cat-and-mouse in the house of a strange man.","[{""genre"":""Psychological Horror""},{""genre"":""Psychological Thriller""},{""genre"":""Horror""},{""genre"":""Thriller""}]"
"1753771480-28","https://www.imdb.com/chart/moviemeter/?ref_=chtbo_nv_menu","Anora","https://www.imdb.com/title/tt28607951/?ref_=chtmvm_t_73","Anora","2h 19m","2024","https://m.media-amazon.com/images/M/MV5BYThiN2M0NTItODRmNC00NDhlLWFiYTgtMWM2YTEyYzI3ZTY1XkEyXkFqcGc@._V1_QL75_UX190_CR0,0,190,281_.jpg","A young stripper from Brooklyn meets and impulsively marries the son of a Russian oligarch. Once the news reaches Russia, her fairy tale is threatened as his parents set out for New York to get the marriage annulled.","[{""genre"":""Dark Comedy""},{""genre"":""Raunchy Comedy""},{""genre"":""Steamy Romance""},{""genre"":""Comedy""},{""genre"":""Drama""},{""genre"":""Romance""}]"
"1753771484-29","https://www.imdb.com/chart/moviemeter/?ref_=chtbo_nv_menu","Drop","https://www.imdb.com/title/tt32149847/?ref_=chtmvm_t_72","Drop","1h 35m","2025","https://m.media-amazon.com/images/M/MV5BOWUyOTNlMjItNWUyZC00ZGJiLTg3MDMtODJmMGQyMGY3NzU3XkEyXkFqcGc@._V1_QL75_UX190_CR0,10,190,281_.jpg","A widowed mother's first date in years takes a terrifying turn when she's bombarded with anonymous threatening messages on her phone during their upscale dinner, leaving her questioning if her charming date is behind the harassment.","[{""genre"":""Whodunnit""},{""genre"":""Drama""},{""genre"":""Mystery""},{""genre"":""Thriller""}]"
"1753771487-30","https://www.imdb.com/chart/moviemeter/?ref_=chtbo_nv_menu","40 Acres","https://www.imdb.com/title/tt29634843/?ref_=chtmvm_t_71","40 Acres","1h 53m","2024","https://m.media-amazon.com/images/M/MV5BOTRmZTIzMzQtZDQwOS00NGM5LWI1YTItMTc0MjE0NjczMDhlXkEyXkFqcGc@._V1_QL75_UX190_CR0,0,190,281_.jpg","In a post-apocalyptic world with food scarcity, a Black family of Canadian farmers descended from American Civil War migrants defend their homestead against cannibals trying to seize their resources.","[{""genre"":""Action""},{""genre"":""Drama""},{""genre"":""Sci-Fi""},{""genre"":""Thriller""}]"
"1753771491-31","https://www.imdb.com/chart/moviemeter/?ref_=chtbo_nv_menu","The Dark Knight","https://www.imdb.com/title/tt0468569/?ref_=chtmvm_t_70","The Dark Knight","2h 32m","2008","https://m.media-amazon.com/images/M/MV5BMTMxNTMwODM0NF5BMl5BanBnXkFtZTcwODAyMTk2Mw@@._V1_QL75_UX190_CR0,0,190,281_.jpg","When a menace known as the Joker wreaks havoc and chaos on the people of Gotham, Batman, James Gordon and Harvey Dent must work together to put an end to the madness.","[{""genre"":""Action Epic""},{""genre"":""Epic""},{""genre"":""Superhero""},{""genre"":""Tragedy""},{""genre"":""Action""},{""genre"":""Crime""},{""genre"":""Drama""},{""genre"":""Thriller""}]"
"1753771494-32","https://www.imdb.com/chart/moviemeter/?ref_=chtbo_nv_menu","Locked","https://www.imdb.com/title/tt26671996/?ref_=chtmvm_t_69","Locked","1h 35m","2025","https://m.media-amazon.com/images/M/MV5BZjg2NDFhZDEtYzZlZC00ZTRkLTg4NDctYjIwNTQxYWY4ODFiXkEyXkFqcGc@._V1_QL75_UX190_CR0,0,190,281_.jpg","A thief breaking into a luxury SUV realizes that he has slipped into a sophisticated game of psychological horror.","[{""genre"":""Psychological Thriller""},{""genre"":""Thriller""}]"
"1753771498-33","https://www.imdb.com/chart/moviemeter/?ref_=chtbo_nv_menu","The Bad Guys 2","https://www.imdb.com/title/tt30017619/?ref_=chtmvm_t_68","The Bad Guys 2","1h 44m","2025","https://m.media-amazon.com/images/M/MV5BY2YwODhmODctMjE2OS00Y2EyLWEyZTEtOGU3ODk5MGIzYmU1XkEyXkFqcGc@._V1_QL75_UX190_CR0,10,190,281_.jpg","The Bad Guys are struggling to find trust and acceptance in their newly minted lives as Good Guys, when they are pulled out of retirement and forced to do ""one last job"" by an all-female squad of criminals.","[{""genre"":""Animal Adventure""},{""genre"":""Car Action""},{""genre"":""Computer Animation""},{""genre"":""Heist""},{""genre"":""Action""},{""genre"":""Adventure""},{""genre"":""Animation""},{""genre"":""Comedy""},{""genre"":""Crime""},{""genre"":""Family""}]"
"1753771504-35","https://www.imdb.com/chart/moviemeter/?ref_=chtbo_nv_menu","Interstellar","https://www.imdb.com/title/tt0816692/?ref_=chtmvm_t_66","Interstellar","2h 49m","2014","https://m.media-amazon.com/images/M/MV5BYzdjMDAxZGItMjI2My00ODA1LTlkNzItOWFjMDU5ZDJlYWY3XkEyXkFqcGc@._V1_QL75_UX190_CR0,0,190,281_.jpg","When Earth becomes uninhabitable in the future, a farmer and ex-NASA pilot, Joseph Cooper, is tasked to pilot a spacecraft, along with a team of researchers, to find a new planet for humans.","[{""genre"":""Adventure Epic""},{""genre"":""Epic""},{""genre"":""Psychological Drama""},{""genre"":""Quest""},{""genre"":""Sci-Fi Epic""},{""genre"":""Space Sci-Fi""},{""genre"":""Time Travel""},{""genre"":""Adventure""},{""genre"":""Drama""},{""genre"":""Sci-Fi""}]"
"1753771508-36","https://www.imdb.com/chart/moviemeter/?ref_=chtbo_nv_menu","Earth Girls Are Easy","https://www.imdb.com/title/tt0097257/?ref_=chtmvm_t_65","Earth Girls Are Easy","1h 40m","1988","https://m.media-amazon.com/images/M/MV5BYjJlOGZjNTMtYTM3Ni00Njg2LWEwYWMtN2NkZDYzM2UxMDdmXkEyXkFqcGc@._V1_QL75_UX190_CR0,6,190,281_.jpg","A young Southern California woman, who has just caught her fiancé cheating on her, befriends three humanoid aliens after their spaceship lands in her swimming pool.","[{""genre"":""Romantic Comedy""},{""genre"":""Comedy""},{""genre"":""Musical""},{""genre"":""Romance""},{""genre"":""Sci-Fi""}]"
"1753771512-37","https://www.imdb.com/chart/moviemeter/?ref_=chtbo_nv_menu","The Accountant 2","https://www.imdb.com/title/tt7068946/?ref_=chtmvm_t_64","The Accountant 2","2h 12m","2025","https://m.media-amazon.com/images/M/MV5BYjFiY2I0NTEtNjdjNy00MTljLThkOWYtMzNiYjYyMDcxYjhkXkEyXkFqcGc@._V1_QL75_UX190_CR0,0,190,281_.jpg","Christian Wolff applies his brilliant mind and illegal methods to reconstruct the unsolved puzzle of a Treasury chief's murder.","[{""genre"":""Whodunnit""},{""genre"":""Action""},{""genre"":""Crime""},{""genre"":""Drama""},{""genre"":""Mystery""},{""genre"":""Thriller""}]"
"1753771522-39","https://www.imdb.com/chart/moviemeter/?ref_=chtbo_nv_menu","Black Bag","https://www.imdb.com/title/tt30988739/?ref_=chtmvm_t_62","Black Bag","1h 33m","2025","https://m.media-amazon.com/images/M/MV5BNzA1OWU4NDMtMDUxMC00NWI4LWJhYjUtYWQ0OGQ5MTc2NDRjXkEyXkFqcGc@._V1_QL75_UX190_CR0,0,190,281_.jpg","When intelligence agent Kathryn Woodhouse is suspected of betraying the nation, her husband - also a legendary agent - faces the ultimate test of whether to be loyal to his marriage, or his country.","[{""genre"":""Spy""},{""genre"":""Drama""},{""genre"":""Mystery""},{""genre"":""Romance""},{""genre"":""Thriller""}]"
"1753771525-40","https://www.imdb.com/chart/moviemeter/?ref_=chtbo_nv_menu","Jaws","https://www.imdb.com/title/tt0073195/?ref_=chtmvm_t_61","Jaws","2h 4m","1975","https://m.media-amazon.com/images/M/MV5BYjViNDQzNmUtYzkxZi00NTk5LTljMmItYjJlZmZkODIxNjU1XkEyXkFqcGc@._V1_QL75_UX190_CR0,5,190,281_.jpg","When a massive killer shark unleashes chaos on a beach community off Long Island, it's up to the local police chief, a marine biologist, and an old seafarer to hunt the beast down.","[{""genre"":""Monster Horror""},{""genre"":""Sea Adventure""},{""genre"":""Survival""},{""genre"":""Adventure""},{""genre"":""Horror""},{""genre"":""Thriller""}]"
"1753771529-41","https://www.imdb.com/chart/moviemeter/?ref_=chtbo_nv_menu","Mickey 17","https://www.imdb.com/title/tt12299608/?ref_=chtmvm_t_60","Mickey 17","2h 17m","2025","https://m.media-amazon.com/images/M/MV5BM2M2NDg3OWQtOTU2Yi00MGM0LWIwMzctMjRjNWQxNDBjMjRmXkEyXkFqcGc@._V1_QL75_UX190_CR0,0,190,281_.jpg","During a human expedition to colonize space, Mickey 17, a so-called ""expendable"" employee, is sent to explore an ice planet.","[{""genre"":""Alien Invasion""},{""genre"":""Dark Comedy""},{""genre"":""Space Sci-Fi""},{""genre"":""Adventure""},{""genre"":""Comedy""},{""genre"":""Fantasy""},{""genre"":""Sci-Fi""}]"
"1753771532-42","https://www.imdb.com/chart/moviemeter/?ref_=chtbo_nv_menu","Top Gun: Maverick","https://www.imdb.com/title/tt1745960/?ref_=chtmvm_t_59","Top Gun: Maverick","2h 10m","2022","https://m.media-amazon.com/images/M/MV5BMDBkZDNjMWEtOTdmMi00NmExLTg5MmMtNTFlYTJlNWY5YTdmXkEyXkFqcGc@._V1_QL75_UX190_CR0,0,190,281_.jpg","The story involves Maverick confronting his past while training a group of younger Top Gun graduates, including the son of his deceased best friend, for a dangerous mission.","[{""genre"":""Action Epic""},{""genre"":""Epic""},{""genre"":""Action""},{""genre"":""Drama""}]"
"1753771539-44","https://www.imdb.com/chart/moviemeter/?ref_=chtbo_nv_menu","Warfare","https://www.imdb.com/title/tt31434639/?ref_=chtmvm_t_57","Warfare","1h 35m","2025","https://m.media-amazon.com/images/M/MV5BYzEyYjE1NmEtOTFmNy00ZmQxLThlYzctOGRjNmQ0N2VjMmNmXkEyXkFqcGc@._V1_QL75_UX190_CR0,0,190,281_.jpg","A platoon of Navy SEALs embark on a dangerous mission in Ramadi, Iraq, with the chaos and brotherhood of war retold through their memories of the event.","[{""genre"":""Docudrama""},{""genre"":""Period Drama""},{""genre"":""War Epic""},{""genre"":""Action""},{""genre"":""Drama""},{""genre"":""War""}]"
"1753771543-45","https://www.imdb.com/chart/moviemeter/?ref_=chtbo_nv_menu","Fantastic 4: Rise of the Silver Surfer","https://www.imdb.com/title/tt0486576/?ref_=chtmvm_t_56","Fantastic 4: Rise of the Silver Surfer","1h 32m","2007","https://m.media-amazon.com/images/M/MV5BNmZmMTU0OGQtOWRmNS00ZjA1LWJkM2EtYmUwNGEzMjIyZDM1XkEyXkFqcGc@._V1_QL75_UY281_CR3,0,190,281_.jpg","The Fantastic Four learn that they aren't the only super-powered beings in the universe when they square off against the powerful Silver Surfer and the planet-eating Galactus.","[{""genre"":""Alien Invasion""},{""genre"":""Disaster""},{""genre"":""Globetrotting Adventure""},{""genre"":""Superhero""},{""genre"":""Action""},{""genre"":""Adventure""},{""genre"":""Fantasy""},{""genre"":""Sci-Fi""}]"
"1753771547-46","https://www.imdb.com/chart/moviemeter/?ref_=chtbo_nv_menu","Oppenheimer","https://www.imdb.com/title/tt15398776/?ref_=chtmvm_t_55","Oppenheimer","3h","2023","https://m.media-amazon.com/images/M/MV5BN2JkMDc5MGQtZjg3YS00NmFiLWIyZmQtZTJmNTM5MjVmYTQ4XkEyXkFqcGc@._V1_QL75_UX190_CR0,0,190,281_.jpg","A dramatization of the life story of J. Robert Oppenheimer, the physicist who had a large hand in the development of the atomic bombs that brought an end to World War II.","[{""genre"":""Docudrama""},{""genre"":""Epic""},{""genre"":""Historical Epic""},{""genre"":""Period Drama""},{""genre"":""Psychological Drama""},{""genre"":""Biography""},{""genre"":""Drama""},{""genre"":""History""}]"
"1753771550-47","https://www.imdb.com/chart/moviemeter/?ref_=chtbo_nv_menu","A Minecraft Movie","https://www.imdb.com/title/tt3566834/?ref_=chtmvm_t_54","A Minecraft Movie","1h 41m","2025","https://m.media-amazon.com/images/M/MV5BYzFjMzNjOTktNDBlNy00YWZhLWExYTctZDcxNDA4OWVhOTJjXkEyXkFqcGc@._V1_QL75_UX190_CR0,0,190,281_.jpg","Four misfits are suddenly pulled through a mysterious portal into a bizarre cubic wonderland that thrives on imagination. To get back home they'll have to master this world while embarking on a quest with an unexpected expert crafter.","[{""genre"":""Action Epic""},{""genre"":""Adventure Epic""},{""genre"":""Fantasy Epic""},{""genre"":""High-Concept Comedy""},{""genre"":""Quest""},{""genre"":""Slapstick""},{""genre"":""Survival""},{""genre"":""Action""},{""genre"":""Adventure""},{""genre"":""Comedy""}]"
"1753771554-48","https://www.imdb.com/chart/moviemeter/?ref_=chtbo_nv_menu","Oh, Hi!","https://www.imdb.com/title/tt33292655/?ref_=chtmvm_t_53","Oh, Hi!","1h 34m","2025","https://m.media-amazon.com/images/M/MV5BMTlmNzJlODYtOTVkNC00NWQwLWE5MTUtMGIwMGViNmE1MmY0XkEyXkFqcGc@._V1_QL75_UX190_CR0,0,190,281_.jpg","Iris and Isaac's first romantic weekend getaway goes awry in a most unexpected way.","[{""genre"":""Dark Comedy""},{""genre"":""Comedy""}]"
"1753771558-49","https://www.imdb.com/chart/moviemeter/?ref_=chtbo_nv_menu","Karate Kid: Legends","https://www.imdb.com/title/tt1674782/?ref_=chtmvm_t_52","Karate Kid: Legends","1h 34m","2025","https://m.media-amazon.com/images/M/MV5BNTRmZTJjZGItOTJjZC00MTk3LTg0ZDQtY2RiNmQxM2Q2MTM5XkEyXkFqcGc@._V1_QL75_UY281_CR18,0,190,281_.jpg","After kung fu prodigy Li Fong relocates to New York City, he attracts unwanted attention from a local karate champion and embarks on a journey to enter the ultimate karate competition with the help of Mr. Han and Daniel LaRusso.","[{""genre"":""Coming-of-Age""},{""genre"":""Martial Arts""},{""genre"":""Teen Drama""},{""genre"":""Action""},{""genre"":""Drama""},{""genre"":""Family""},{""genre"":""Sport""}]"
"1753771561-50","https://www.imdb.com/chart/moviemeter/?ref_=chtbo_nv_menu","Man of Steel","https://www.imdb.com/title/tt0770828/?ref_=chtmvm_t_51","Man of Steel","2h 23m","2013","https://m.media-amazon.com/images/M/MV5BMTk5ODk1NDkxMF5BMl5BanBnXkFtZTcwNTA5OTY0OQ@@._V1_QL75_UY281_CR0,0,190,281_.jpg","An alien child is evacuated from his dying world and sent to Earth to live among humans. His peace is threatened when other survivors of his home planet invade Earth.","[{""genre"":""Alien Invasion""},{""genre"":""Superhero""},{""genre"":""Urban Adventure""},{""genre"":""Action""},{""genre"":""Adventure""},{""genre"":""Sci-Fi""}]"
"1753771565-51","https://www.imdb.com/chart/moviemeter/?ref_=chtbo_nv_menu","Freakier Friday","https://www.imdb.com/title/tt31956415/?ref_=chtmvm_t_50","Freakier Friday","1h 51m","2025","https://m.media-amazon.com/images/M/MV5BY2Q0M2NmMjctODEwMi00NGIyLTk4NjUtMzBlNDAxYTZlZGJiXkEyXkFqcGc@._V1_QL75_UX190_CR0,0,190,281_.jpg","22 years after Tess and Anna endured an identity crisis, Anna now has a daughter and a soon-to-be stepdaughter. As they navigate the challenges that come when two families merge, Tess and Anna discover that lightning might strike twice.","[{""genre"":""Body Swap Comedy""},{""genre"":""Comedy""},{""genre"":""Family""},{""genre"":""Fantasy""}]"
"1753771568-52","https://www.imdb.com/chart/moviemeter/?ref_=chtbo_nv_menu","Eden","https://www.imdb.com/title/tt23149780/?ref_=chtmvm_t_49","Eden","2h 9m","2024","https://m.media-amazon.com/images/M/MV5BMmU3YjQ1YzAtMGU4OS00MWJkLTg2NGMtM2NmMmQ3NTM3NjNjXkEyXkFqcGc@._V1_QL75_UX190_CR0,0,190,281_.jpg","Based on a factual account of a group of outsiders who settle on a remote island only to discover their greatest threat isn't the brutal climate or deadly wildlife, but each other.","[{""genre"":""Psychological Thriller""},{""genre"":""Thriller""}]"
"1753771572-53","https://www.imdb.com/chart/moviemeter/?ref_=chtbo_nv_menu","Avengers: Infinity War","https://www.imdb.com/title/tt4154756/?ref_=chtmvm_t_48","Avengers: Infinity War","2h 29m","2018","https://m.media-amazon.com/images/M/MV5BMjMxNjY2MDU1OV5BMl5BanBnXkFtZTgwNzY1MTUwNTM@._V1_QL75_UX190_CR0,0,190,281_.jpg","The Avengers and their allies must be willing to sacrifice all in an attempt to defeat the powerful Thanos before his blitz of devastation and ruin puts an end to the universe.","[{""genre"":""Space Sci-Fi""},{""genre"":""Superhero""},{""genre"":""Action""},{""genre"":""Adventure""},{""genre"":""Sci-Fi""}]"
"1753771575-54","https://www.imdb.com/chart/moviemeter/?ref_=chtbo_nv_menu","The Shawshank Redemption","https://www.imdb.com/title/tt0111161/?ref_=chtmvm_t_47","The Shawshank Redemption","2h 22m","1994","https://m.media-amazon.com/images/M/MV5BMDAyY2FhYjctNDc5OS00MDNlLThiMGUtY2UxYWVkNGY2ZjljXkEyXkFqcGc@._V1_QL75_UX190_CR0,2,190,281_.jpg","A banker convicted of uxoricide forms a friendship over a quarter century with a hardened convict, while maintaining his innocence and trying to remain hopeful through simple compassion.","[{""genre"":""Epic""},{""genre"":""Period Drama""},{""genre"":""Prison Drama""},{""genre"":""Drama""}]"
"1753771579-55","https://www.imdb.com/chart/moviemeter/?ref_=chtbo_nv_menu","The Old Guard 2","https://www.imdb.com/title/tt14961624/?ref_=chtmvm_t_46","The Old Guard 2","1h 47m","2025","https://m.media-amazon.com/images/M/MV5BZmFhNWY1MjEtZTkyZS00ZWIzLTk4ZWItMDM0MzliNmE1ZGZhXkEyXkFqcGc@._V1_QL75_UY281_CR18,0,190,281_.jpg","Andy leads immortal warriors against a powerful enemy threatening their group. They grapple with the resurfacing of a long-lost immortal, complicating their mission to safeguard humanity.","[{""genre"":""Superhero""},{""genre"":""Action""},{""genre"":""Adventure""},{""genre"":""Fantasy""},{""genre"":""Thriller""}]"
"1753771582-56","https://www.imdb.com/chart/moviemeter/?ref_=chtbo_nv_menu","Nosferatu","https://www.imdb.com/title/tt5040012/?ref_=chtmvm_t_45","Nosferatu","2h 12m","2024","https://m.media-amazon.com/images/M/MV5BYTRlZWQ1NzMtNGVkMy00MjlhLWIzOTgtOTNkZWVkMzQ0Y2JjXkEyXkFqcGc@._V1_QL75_UX190_CR0,0,190,281_.jpg","A gothic tale of obsession between a haunted young woman and the terrifying vampire infatuated with her, causing untold horror in its wake.","[{""genre"":""Dark Fantasy""},{""genre"":""Supernatural Horror""},{""genre"":""Vampire Horror""},{""genre"":""Fantasy""},{""genre"":""Horror""},{""genre"":""Mystery""}]"
"1753771590-58","https://www.imdb.com/chart/moviemeter/?ref_=chtbo_nv_menu","A Normal Woman","https://www.imdb.com/title/tt35668683/?ref_=chtmvm_t_43","A Normal Woman","1h 50m","2025","https://m.media-amazon.com/images/M/MV5BMjM4YzBjZmEtNTJlZC00OTUyLWE2NDItZmVkNTcwZWVmNzc3XkEyXkFqcGc@._V1_QL75_UX190_CR0,0,190,281_.jpg","Believing she's contracted a mysterious illness, a socialite begins sabotaging her own life in the face of rejection from her own body and her family.","[{""genre"":""Psychological Drama""},{""genre"":""Psychological Horror""},{""genre"":""Psychological Thriller""},{""genre"":""Drama""},{""genre"":""Horror""},{""genre"":""Thriller""}]"
"1753771593-59","https://www.imdb.com/chart/moviemeter/?ref_=chtbo_nv_menu","Wicked","https://www.imdb.com/title/tt1262426/?ref_=chtmvm_t_42","Wicked","2h 40m","2024","https://m.media-amazon.com/images/M/MV5BOWMwYjYzYmMtMWQ2Ni00NWUwLTg2MzAtYzkzMDBiZDIwOTMwXkEyXkFqcGc@._V1_QL75_UX190_CR0,10,190,281_.jpg","Elphaba, a young woman ridiculed for her green skin, and Galinda, a popular girl, become friends at Shiz University in the Land of Oz. After an encounter with the Wonderful Wizard of Oz, their friendship reaches a crossroads.","[{""genre"":""Fairy Tale""},{""genre"":""Pop Musical""},{""genre"":""Fantasy""},{""genre"":""Musical""},{""genre"":""Romance""}]"
"1753771607-63","https://www.imdb.com/chart/moviemeter/?ref_=chtbo_nv_menu","Smurfs","https://www.imdb.com/title/tt18069420/?ref_=chtmvm_t_38","Smurfs","1h 29m","2025","https://m.media-amazon.com/images/M/MV5BMDMyNDViNTMtMmQwYy00ZWUzLThjODYtZWNiOTMzMWFjMzg1XkEyXkFqcGc@._V1_QL75_UX190_CR0,0,190,281_.jpg","When Papa Smurf is taken by evil wizards Razamel and Gargamel, Smurfette leads the Smurfs on a mission to the real world to save him.","[{""genre"":""Action Epic""},{""genre"":""Adventure Epic""},{""genre"":""Computer Animation""},{""genre"":""Fantasy Epic""},{""genre"":""Globetrotting Adventure""},{""genre"":""High-Concept Comedy""},{""genre"":""Pop Musical""},{""genre"":""Quest""},{""genre"":""Slapstick""},{""genre"":""Adventure""}]"
"1753771610-64","https://www.imdb.com/chart/moviemeter/?ref_=chtbo_nv_menu","Final Destination: Bloodlines","https://www.imdb.com/title/tt9619824/?ref_=chtmvm_t_37","Final Destination: Bloodlines","1h 50m","2025","https://m.media-amazon.com/images/M/MV5BMzNjYzQ4ODEtOWMwMS00MmNhLWI4ZmQtNjg5MjVhZDY5MmExXkEyXkFqcGc@._V1_QL75_UX190_CR0,0,190,281_.jpg","Plagued by a recurring violent nightmare, a college student returns home to find the one person who can break the cycle and save her family from the horrific fate that inevitably awaits them.","[{""genre"":""Splatter Horror""},{""genre"":""Supernatural Horror""},{""genre"":""Horror""},{""genre"":""Thriller""}]"
"1753771613-65","https://www.imdb.com/chart/moviemeter/?ref_=chtbo_nv_menu","Mission: Impossible - The Final Reckoning","https://www.imdb.com/title/tt9603208/?ref_=chtmvm_t_36","Mission: Impossible - The Final Reckoning","2h 49m","2025","https://m.media-amazon.com/images/M/MV5BZGQ5NGEyYTItMjNiMi00Y2EwLTkzOWItMjc5YjJiMjMyNTI0XkEyXkFqcGc@._V1_QL75_UX190_CR0,0,190,281_.jpg","Hunt and the IMF pursue a dangerous AI called the Entity that's infiltrated global intelligence. With governments and a figure from his past in pursuit, Hunt races to stop it from forever changing the world.","[{""genre"":""Action Epic""},{""genre"":""Adventure Epic""},{""genre"":""Spy""},{""genre"":""Action""},{""genre"":""Adventure""},{""genre"":""Thriller""}]"
"1753771616-66","https://www.imdb.com/chart/moviemeter/?ref_=chtbo_nv_menu","M3GAN 2.0","https://www.imdb.com/title/tt26342662/?ref_=chtmvm_t_35","M3GAN 2.0","2h","2025","https://m.media-amazon.com/images/M/MV5BMjc0YjdlODEtMjY4ZS00MjUyLTlkZWMtMGI0YWJiZDBiOTRiXkEyXkFqcGc@._V1_QL75_UX190_CR0,10,190,281_.jpg","Two years after M3GAN's rampage, her creator, Gemma, resorts to resurrecting her infamous creation in order to take down Amelia, the military-grade weapon who was built by a defense contractor who stole M3GAN's underlying tech.","[{""genre"":""Artificial Intelligence""},{""genre"":""Cyber Thriller""},{""genre"":""Martial Arts""},{""genre"":""Slasher Horror""},{""genre"":""Action""},{""genre"":""Horror""},{""genre"":""Sci-Fi""},{""genre"":""Thriller""}]"
"1753771620-67","https://www.imdb.com/chart/moviemeter/?ref_=chtbo_nv_menu","Fantastic Four","https://www.imdb.com/title/tt1502712/?ref_=chtmvm_t_34","Fantastic Four","1h 40m","2015","https://m.media-amazon.com/images/M/MV5BMTk0OTMyMDA0OF5BMl5BanBnXkFtZTgwMzY5NTkzNTE@._V1_QL75_UX190_CR0,0,190,281_.jpg","Four young outsiders teleport to an alternate and dangerous universe which alters their physical form in shocking ways. The four must learn to harness their new abilities and work together to save Earth from a former friend turned enemy.","[{""genre"":""Superhero""},{""genre"":""Action""},{""genre"":""Adventure""},{""genre"":""Sci-Fi""}]"
"1753771624-68","https://www.imdb.com/chart/moviemeter/?ref_=chtbo_nv_menu","Wall to Wall","https://www.imdb.com/title/tt32237537/?ref_=chtmvm_t_33","Wall to Wall","1h 58m","2025","https://m.media-amazon.com/images/M/MV5BM2Y1MjcwMWMtN2IyZi00MGIwLWFiM2YtZjkzZWE1NmJlMGFhXkEyXkFqcGc@._V1_QL75_UY281_CR18,0,190,281_.jpg","Woo-seong, a man who finally saves up enough to buy an apartment, only to have it turn into a nightmare with financial ruin and mysterious noises from neighboring floors.","[{""genre"":""Drama""},{""genre"":""Thriller""}]"
"1753771630-70","https://www.imdb.com/chart/moviemeter/?ref_=chtbo_nv_menu","Weapons","https://www.imdb.com/title/tt26581740/?ref_=chtmvm_t_31","Weapons","2h 8m","2025","https://m.media-amazon.com/images/M/MV5BMzE2ZTg5ODQtNDI4OS00MWUyLTkwNjgtZThhODE2NGE2YmE3XkEyXkFqcGc@._V1_QL75_UY281_CR1,0,190,281_.jpg","When all but one child from the same class mysteriously vanish on the same night at exactly the same time, a community is left questioning who or what is behind their disappearance.","[{""genre"":""Psychological Horror""},{""genre"":""Horror""},{""genre"":""Mystery""}]"
"1753771634-71","https://www.imdb.com/chart/moviemeter/?ref_=chtbo_nv_menu","Ballerina","https://www.imdb.com/title/tt7181546/?ref_=chtmvm_t_30","Ballerina","2h 4m","2025","https://m.media-amazon.com/images/M/MV5BNzdhZmY2OTQtYWI4OC00ZThkLTlhZjAtNzE2YzRjM2Q5YjJlXkEyXkFqcGc@._V1_QL75_UX190_CR0,0,190,281_.jpg","An assassin trained in the traditions of the Ruska Roma organization sets out to seek revenge after her father's death.","[{""genre"":""Gun Fu""},{""genre"":""Martial Arts""},{""genre"":""One-Person Army Action""},{""genre"":""Action""},{""genre"":""Thriller""}]"
"1753771637-72","https://www.imdb.com/chart/moviemeter/?ref_=chtbo_nv_menu","Heads of State","https://www.imdb.com/title/tt13357520/?ref_=chtmvm_t_29","Heads of State","1h 56m","2025","https://m.media-amazon.com/images/M/MV5BYWFmNjg0ZGMtZmI5OC00YTAwLWFiMmMtOWRkNzQ0OTE1YWEwXkEyXkFqcGc@._V1_QL75_UX190_CR0,2,190,281_.jpg","When the U.K. Prime Minister and U.S. President become the targets of a foreign adversary, they're forced to rely on one another to thwart a global conspiracy.","[{""genre"":""Buddy Comedy""},{""genre"":""Buddy Cop""},{""genre"":""Action""},{""genre"":""Comedy""},{""genre"":""Thriller""}]"
"1753771640-73","https://www.imdb.com/chart/moviemeter/?ref_=chtbo_nv_menu","28 Years Later","https://www.imdb.com/title/tt10548174/?ref_=chtmvm_t_28","28 Years Later","1h 55m","2025","https://m.media-amazon.com/images/M/MV5BNjgwYTI0YjctMWYzNS00MmI1LWI5YTctNmE1YjBkNDFlNWMxXkEyXkFqcGc@._V1_QL75_UY281_CR18,0,190,281_.jpg","A group of survivors of the rage virus live on a small island. When one of the group leaves the island on a mission into the mainland, he discovers secrets, wonders, and horrors that have mutated not only the infected but other survivors.","[{""genre"":""Zombie Horror""},{""genre"":""Horror""},{""genre"":""Thriller""}]"
"1753771644-74","https://www.imdb.com/chart/moviemeter/?ref_=chtbo_nv_menu","Bring Her Back","https://www.imdb.com/title/tt32246771/?ref_=chtmvm_t_27","Bring Her Back","1h 44m","2025","https://m.media-amazon.com/images/M/MV5BZTlhYTk1ZTEtOWY3NC00NWQ5LTlkOTctNjQ3ZDYyZGE5ZWNlXkEyXkFqcGc@._V1_QL75_UX190_CR0,0,190,281_.jpg","A brother and sister uncover a terrifying ritual at the secluded home of their new foster mother.","[{""genre"":""Body Horror""},{""genre"":""Supernatural Horror""},{""genre"":""Horror""},{""genre"":""Mystery""}]"
"1753771648-75","https://www.imdb.com/chart/moviemeter/?ref_=chtbo_nv_menu","Lilo & Stitch","https://www.imdb.com/title/tt11655566/?ref_=chtmvm_t_26","Lilo & Stitch","1h 48m","2025","https://m.media-amazon.com/images/M/MV5BYmFmZjM1ZTEtYzQ5ZS00MTRmLTkzMDktYWMxNTg2NGE3YjY4XkEyXkFqcGc@._V1_QL75_UX190_CR0,0,190,281_.jpg","A lonely Hawaiian girl befriends a runaway alien, helping to mend her fragmented family.","[{""genre"":""Alien Invasion""},{""genre"":""Buddy Comedy""},{""genre"":""Sci-Fi Epic""},{""genre"":""Space Sci-Fi""},{""genre"":""Action""},{""genre"":""Adventure""},{""genre"":""Comedy""},{""genre"":""Drama""},{""genre"":""Family""},{""genre"":""Fantasy""}]"
"1753771652-76","https://www.imdb.com/chart/moviemeter/?ref_=chtbo_nv_menu","Brick","https://www.imdb.com/title/tt31806049/?ref_=chtmvm_t_25","Brick","1h 39m","2025","https://m.media-amazon.com/images/M/MV5BMGRjZTI5NmEtNWQzNi00ZDUxLWFmZmQtOGFiZmNkZGY1MDc5XkEyXkFqcGc@._V1_QL75_UX190_CR0,0,190,281_.jpg","A couple whose apartment building is suddenly surrounded by a mysterious brick wall must work with their neighbors to find a way out.","[{""genre"":""Drama""},{""genre"":""Mystery""},{""genre"":""Sci-Fi""},{""genre"":""Thriller""}]"
"1753771656-77","https://www.imdb.com/chart/moviemeter/?ref_=chtbo_nv_menu","The Phoenician Scheme","https://www.imdb.com/title/tt30840798/?ref_=chtmvm_t_24","The Phoenician Scheme","1h 41m","2025","https://m.media-amazon.com/images/M/MV5BMmE0MTk3MDktZWU2Ny00MDljLTg4ZDMtNTYyM2UyZDQxNDE0XkEyXkFqcGc@._V1_QL75_UX190_CR0,0,190,281_.jpg","Wealthy businessman Zsa-zsa Korda appoints his only daughter, a nun, as sole heir to his estate. As Korda embarks on a new enterprise, they soon become the target of scheming tycoons, foreign terrorists and determined assassins.","[{""genre"":""Spy""},{""genre"":""Action""},{""genre"":""Comedy""},{""genre"":""Crime""},{""genre"":""Drama""},{""genre"":""Thriller""}]"
"1753771660-78","https://www.imdb.com/chart/moviemeter/?ref_=chtbo_nv_menu","Together","https://www.imdb.com/title/tt31184028/?ref_=chtmvm_t_23","Together","1h 42m","2025","https://m.media-amazon.com/images/M/MV5BOWI1Mzg0OWUtNDYxYy00Mzk3LTgxMjMtYWYxZjJhMjI4NDcyXkEyXkFqcGc@._V1_QL75_UX190_CR0,0,190,281_.jpg","Years into their relationship, Tim and Millie find themselves at a crossroads as they move to the country. With tensions already flaring, an encounter with an unnatural force threatens to corrupt their lives, their love and their flesh.","[{""genre"":""Body Horror""},{""genre"":""Psychological Horror""},{""genre"":""Horror""},{""genre"":""Romance""}]"
"1753771663-79","https://www.imdb.com/chart/moviemeter/?ref_=chtbo_nv_menu","Dangerous Animals","https://www.imdb.com/title/tt32299316/?ref_=chtmvm_t_22","Dangerous Animals","1h 38m","2025","https://m.media-amazon.com/images/M/MV5BMTg5M2ZjNjItZThiZi00NDFiLTg3NmYtMmFhZTkxZWQ2OWVmXkEyXkFqcGc@._V1_QL75_UX190_CR0,0,190,281_.jpg","When Zephyr, a savvy and free-spirited surfer, is abducted by a shark-obsessed serial killer and held captive on his boat, she must figure out how to escape before he carries out a ritualistic feeding to the sharks below.","[{""genre"":""Psychological Horror""},{""genre"":""Psychological Thriller""},{""genre"":""Horror""},{""genre"":""Thriller""}]"
"1753771670-81","https://www.imdb.com/chart/moviemeter/?ref_=chtbo_nv_menu","Until Dawn","https://www.imdb.com/title/tt30955489/?ref_=chtmvm_t_20","Until Dawn","1h 43m","2025","https://m.media-amazon.com/images/M/MV5BZWU4NDY0ODktOGI3OC00NWE1LWIwYmQtNmJiZWU3NmZlMDhkXkEyXkFqcGc@._V1_QL75_UY281_CR18,0,190,281_.jpg","A group of friends trapped in a time loop, where mysterious foes chase and kill them in gruesome ways, must survive until dawn to escape it.","[{""genre"":""Body Horror""},{""genre"":""Psychological Drama""},{""genre"":""Psychological Horror""},{""genre"":""Slasher Horror""},{""genre"":""Splatter Horror""},{""genre"":""Supernatural Horror""},{""genre"":""Zombie Horror""},{""genre"":""Drama""},{""genre"":""Horror""}]"
"1753771674-82","https://www.imdb.com/chart/moviemeter/?ref_=chtbo_nv_menu","Fantastic Four","https://www.imdb.com/title/tt0120667/?ref_=chtmvm_t_19","Fantastic Four","1h 46m","2005","https://m.media-amazon.com/images/M/MV5BNjY2YmZmMzUtZWY5Mi00MzI3LTljOTgtYTMwMWY1ODI5ZWY5XkEyXkFqcGc@._V1_QL75_UX190_CR0,0,190,281_.jpg","A group of astronauts gain superpowers after a cosmic radiation exposure and must use them to oppose the plans of their enemy, Doctor Victor Von Doom.","[{""genre"":""Superhero""},{""genre"":""Urban Adventure""},{""genre"":""Action""},{""genre"":""Adventure""},{""genre"":""Fantasy""},{""genre"":""Sci-Fi""}]"
"1753771677-83","https://www.imdb.com/chart/moviemeter/?ref_=chtbo_nv_menu","Thunderbolts*","https://www.imdb.com/title/tt20969586/?ref_=chtmvm_t_18","Thunderbolts*","2h 7m","2025","https://m.media-amazon.com/images/M/MV5BYWE2NmNmYTItZGY0ZC00MmY2LTk1NDAtMGUyMGEzMjcxNWM0XkEyXkFqcGc@._V1_QL75_UY281_CR5,0,190,281_.jpg","After finding themselves ensnared in a death trap, an unconventional team of antiheroes must go on a dangerous mission that will force them to confront the darkest corners of their pasts.","[{""genre"":""Political Drama""},{""genre"":""Psychological Drama""},{""genre"":""Superhero""},{""genre"":""Action""},{""genre"":""Adventure""},{""genre"":""Crime""},{""genre"":""Drama""},{""genre"":""Fantasy""},{""genre"":""Sci-Fi""}]"
"1753771681-84","https://www.imdb.com/chart/moviemeter/?ref_=chtbo_nv_menu","Death of a Unicorn","https://www.imdb.com/title/tt28443655/?ref_=chtmvm_t_17","Death of a Unicorn","1h 47m","2025","https://m.media-amazon.com/images/M/MV5BNjUzMjhkZjktNTU5Mi00MzhmLWJhMTQtZjhkYjczOTEzM2M5XkEyXkFqcGc@._V1_QL75_UX190_CR0,0,190,281_.jpg","A father and daughter accidentally hit and kill a unicorn while en route to a weekend retreat, where his billionaire boss seeks to exploit the creature's miraculous curative properties.","[{""genre"":""Dark Comedy""},{""genre"":""Dark Fantasy""},{""genre"":""Monster Horror""},{""genre"":""Comedy""},{""genre"":""Fantasy""},{""genre"":""Horror""},{""genre"":""Thriller""}]"
"1753771684-85","https://www.imdb.com/chart/moviemeter/?ref_=chtbo_nv_menu","The Naked Gun","https://www.imdb.com/title/tt3402138/?ref_=chtmvm_t_16","The Naked Gun","1h 25m","2025","https://m.media-amazon.com/images/M/MV5BNGFlNDhkNzItZjgxNC00OGYzLWFjZDAtZTJmNDY5ZmEyZDc0XkEyXkFqcGc@._V1_QL75_UX190_CR0,0,190,281_.jpg","Only one man has the particular set of skills - to lead Police Squad and save the world.","[{""genre"":""Action""},{""genre"":""Comedy""},{""genre"":""Crime""}]"
"1753771687-86","https://www.imdb.com/chart/moviemeter/?ref_=chtbo_nv_menu","Eddington","https://www.imdb.com/title/tt31176520/?ref_=chtmvm_t_15","Eddington","2h 28m","2025","https://m.media-amazon.com/images/M/MV5BNmM0Yzc1ZjAtZTg4My00NDI3LWEwMzAtY2ZkNzMxMWMwOTFlXkEyXkFqcGc@._V1_QL75_UX190_CR0,0,190,281_.jpg","In May of 2020, a standoff between a small-town sheriff and mayor sparks a powder keg as neighbor is pitted against neighbor in Eddington, New Mexico.","[{""genre"":""Contemporary Western""},{""genre"":""Dark Comedy""},{""genre"":""Comedy""},{""genre"":""Drama""},{""genre"":""Western""}]"
"1753771691-87","https://www.imdb.com/chart/moviemeter/?ref_=chtbo_nv_menu","Materialists","https://www.imdb.com/title/tt30253473/?ref_=chtmvm_t_14","Materialists","1h 56m","2025","https://m.media-amazon.com/images/M/MV5BNmQxMTI1YmEtOGY3Yi00NzVlLWEzMjAtYTI1NWZkNDFiMDg1XkEyXkFqcGc@._V1_QL75_UX190_CR0,7,190,281_.jpg","A young, ambitious New York City matchmaker finds herself torn between the perfect match and her imperfect ex.","[{""genre"":""Feel-Good Romance""},{""genre"":""Romantic Comedy""},{""genre"":""Comedy""},{""genre"":""Romance""}]"
"1753771697-88","https://www.imdb.com/chart/moviemeter/?ref_=chtbo_nv_menu","How to Train Your Dragon","https://www.imdb.com/title/tt26743210/?ref_=chtmvm_t_13","How to Train Your Dragon","2h 5m","2025","https://m.media-amazon.com/images/M/MV5BZjhiODRiOWYtOTJjMS00ZjUzLTllZWEtYmFjMTJhMDc3OWMyXkEyXkFqcGc@._V1_QL75_UX190_CR0,10,190,281_.jpg","As an ancient threat endangers both Vikings and dragons alike on the isle of Berk, the friendship between Hiccup, an inventive Viking, and Toothless, a Night Fury dragon, becomes the key to both species forging a new future together.","[{""genre"":""Sword & Sorcery""},{""genre"":""Teen Adventure""},{""genre"":""Teen Fantasy""},{""genre"":""Action""},{""genre"":""Adventure""},{""genre"":""Comedy""},{""genre"":""Drama""},{""genre"":""Family""},{""genre"":""Fantasy""},{""genre"":""Sci-Fi""}]"
"1753771703-89","https://www.imdb.com/chart/moviemeter/?ref_=chtbo_nv_menu","The Amateur","https://www.imdb.com/title/tt0899043/?ref_=chtmvm_t_12","The Amateur","2h 2m","2025","https://m.media-amazon.com/images/M/MV5BYjhkZjM3ZWYtMjUxMS00YzhlLTkxZWYtMzhkMzFhOTQ1NjRkXkEyXkFqcGc@._V1_QL75_UX190_CR0,0,190,281_.jpg","When his supervisors at the CIA refuse to take action after his wife is killed in a London terrorist attack, a decoder takes matters into his own hands.","[{""genre"":""Spy""},{""genre"":""Action""},{""genre"":""Thriller""}]"
"1753771706-90","https://www.imdb.com/chart/moviemeter/?ref_=chtbo_nv_menu","KPop Demon Hunters","https://www.imdb.com/title/tt14205554/?ref_=chtmvm_t_11","KPop Demon Hunters","1h 35m","2025","https://m.media-amazon.com/images/M/MV5BNTBiYWJlMjQtOTIyMy00NTY4LWFhOWItOWZhNzc3NGMyMjc2XkEyXkFqcGc@._V1_QL75_UX190_CR0,0,190,281_.jpg","A world-renowned K-Pop girl group balance their lives in the spotlight with their secret identities as demon hunters.","[{""genre"":""Computer Animation""},{""genre"":""Pop Musical""},{""genre"":""Action""},{""genre"":""Adventure""},{""genre"":""Animation""},{""genre"":""Comedy""},{""genre"":""Family""},{""genre"":""Fantasy""},{""genre"":""Music""},{""genre"":""Musical""}]"
"1753771710-91","https://www.imdb.com/chart/moviemeter/?ref_=chtbo_nv_menu","I Know What You Did Last Summer","https://www.imdb.com/title/tt4045450/?ref_=chtmvm_t_10","I Know What You Did Last Summer","1h 51m","2025","https://m.media-amazon.com/images/M/MV5BNjE2Y2UyNmItZDQyZS00ZjE1LThmMWMtNTVmYzMxOTgwNmVlXkEyXkFqcGc@._V1_QL75_UX190_CR0,0,190,281_.jpg","A group of friends are terrorised by a stalker who knows about a gruesome incident from their past.","[{""genre"":""Slasher Horror""},{""genre"":""Horror""}]"
"1753771714-92","https://www.imdb.com/chart/moviemeter/?ref_=chtbo_nv_menu","Jurassic World: Rebirth","https://www.imdb.com/title/tt31036941/?ref_=chtmvm_t_9","Jurassic World: Rebirth","2h 13m","2025","https://m.media-amazon.com/images/M/MV5BOTk0OTdiZGItYTE1NS00N2IxLWIxMzEtYTVjMGE5NmY5MDQzXkEyXkFqcGc@._V1_QL75_UX190_CR0,10,190,281_.jpg","Five years post-Jurassic World: Dominion (2022), an expedition braves isolated equatorial regions to extract DNA from three massive prehistoric creatures for a groundbreaking medical breakthrough.","[{""genre"":""Dinosaur Adventure""},{""genre"":""Action""},{""genre"":""Adventure""},{""genre"":""Sci-Fi""},{""genre"":""Thriller""}]"
"1753771720-94","https://www.imdb.com/chart/moviemeter/?ref_=chtbo_nv_menu","F1","https://www.imdb.com/title/tt16311594/?ref_=chtmvm_t_7","F1","2h 35m","2025","https://m.media-amazon.com/images/M/MV5BZTYwYjJhNzYtY2ZiZS00ZmYxLWJkZjctYjRlNGIxYjI3ZTU0XkEyXkFqcGc@._V1_QL75_UX190_CR0,0,190,281_.jpg","A Formula One driver comes out of retirement to mentor and team up with a younger driver.","[{""genre"":""Car Action""},{""genre"":""Motorsport""},{""genre"":""Action""},{""genre"":""Drama""},{""genre"":""Sport""}]"
"1753771723-95","https://www.imdb.com/chart/moviemeter/?ref_=chtbo_nv_menu","Sinners","https://www.imdb.com/title/tt31193180/?ref_=chtmvm_t_6","Sinners","2h 17m","2025","https://m.media-amazon.com/images/M/MV5BNjIwZWY4ZDEtMmIxZS00NDA4LTg4ZGMtMzUwZTYyNzgxMzk5XkEyXkFqcGc@._V1_QL75_UX190_CR0,0,190,281_.jpg","Trying to leave their troubled lives behind, twin brothers return to their hometown to start again, only to discover that an even greater evil is waiting to welcome them back.","[{""genre"":""Period Drama""},{""genre"":""Supernatural Horror""},{""genre"":""Vampire Horror""},{""genre"":""Action""},{""genre"":""Drama""},{""genre"":""Horror""},{""genre"":""Music""},{""genre"":""Thriller""}]"
"1753771727-96","https://www.imdb.com/chart/moviemeter/?ref_=chtbo_nv_menu","Saiyaara","https://www.imdb.com/title/tt28037987/?ref_=chtmvm_t_5","Saiyaara","2h 30m","2025","https://m.media-amazon.com/images/M/MV5BMTk2ZmFhYjctYWZiYy00N2IxLWEzMWItZGRiMDY4ZDQwZWFlXkEyXkFqcGc@._V1_QL75_UY281_CR11,0,190,281_.jpg","Vaani and Krish will have to navigate life, their problems, their insecurities to hopefully realise that only love can be the answer to everything.","[{""genre"":""Drama""},{""genre"":""Romance""}]"
"1753771732-97","https://www.imdb.com/chart/moviemeter/?ref_=chtbo_nv_menu","Happy Gilmore","https://www.imdb.com/title/tt0116483/?ref_=chtmvm_t_4","Happy Gilmore","1h 32m","1996","https://m.media-amazon.com/images/M/MV5BMzMyZTM1MTMtNDdjOS00NzIzLTkxY2QtZTU4OGYxOTUwNDMxXkEyXkFqcGc@._V1_QL75_UX190_CR0,0,190,281_.jpg","After his grandmother's house is repossessed by the IRS, a bad tempered hockey player takes his talents to golf to earn the big bucks and get his grandmothers house back.","[{""genre"":""High-Concept Comedy""},{""genre"":""Raunchy Comedy""},{""genre"":""Slapstick""},{""genre"":""Comedy""},{""genre"":""Sport""}]"
"1753771736-98","https://www.imdb.com/chart/moviemeter/?ref_=chtbo_nv_menu","Superman","https://www.imdb.com/title/tt5950044/?ref_=chtmvm_t_3","Superman","2h 9m","2025","https://m.media-amazon.com/images/M/MV5BMjM2Njc1MGItZjJiYy00ZTYzLWIyNWUtODI4MGJmZjBkZWFjXkEyXkFqcGc@._V1_QL75_UX190_CR0,0,190,281_.jpg","Superman must reconcile his alien Kryptonian heritage with his human upbringing as reporter Clark Kent. As the embodiment of truth, justice and the human way he soon finds himself in a world that views these as old-fashioned.","[{""genre"":""Superhero""},{""genre"":""Action""},{""genre"":""Adventure""},{""genre"":""Sci-Fi""}]"
"1753771740-99","https://www.imdb.com/chart/moviemeter/?ref_=chtbo_nv_menu","The Fantastic Four: First Steps","https://www.imdb.com/title/tt10676052/?ref_=chtmvm_t_2","The Fantastic Four: First Steps","1h 55m","2025","https://m.media-amazon.com/images/M/MV5BOGM5MzA3MDAtYmEwMi00ZDNiLTg4MDgtMTZjOTc0ZGMyNTIwXkEyXkFqcGc@._V1_QL75_UX190_CR0,0,190,281_.jpg","Forced to balance their roles as heroes with the strength of their family bond, the Fantastic Four must defend Earth from a ravenous space god called Galactus and his enigmatic Herald, Silver Surfer.","[{""genre"":""Space Sci-Fi""},{""genre"":""Superhero""},{""genre"":""Action""},{""genre"":""Adventure""},{""genre"":""Sci-Fi""}]"
"1753771743-100","https://www.imdb.com/chart/moviemeter/?ref_=chtbo_nv_menu","Happy Gilmore 2","https://www.imdb.com/title/tt31868189/?ref_=chtmvm_t_1","Happy Gilmore 2","1h 54m","2025","https://m.media-amazon.com/images/M/MV5BYTQyNTRmYjItMDBjYi00YWNhLWEwMmQtNzJhODNiNjEzOWJlXkEyXkFqcGc@._V1_QL75_UX190_CR0,0,190,281_.jpg","Revisit Happy Gilmore's golf career after his win in the Tour Championship.","[{""genre"":""High-Concept Comedy""},{""genre"":""Raunchy Comedy""},{""genre"":""Slapstick""},{""genre"":""Comedy""},{""genre"":""Sport""}]"
